x,y,diameter,year
52,62,17,1982
124,141,10,Blah
313,123,24,Blah
401,220,11,Blah
246,57,6,Blah
174,67,1,Blah
122,68,46.665234,Blah
326,105,66.345795,Blah
410,218,52.354946,Blah
450,69,76.67184,Blah