x,y,diameter,name
285.0,104.0,60.033043,Blah
304.0,192.0,54.701057,Blah
366.0,54.0,73.20527,Blah
231.0,41.0,72.355064,Blah
195.0,85.0,43.946465,Blah
183.0,191.0,79.607315,Blah
373.0,143.0,61.01726,Blah
380.0,136.0,62.016212,Blah
183.0,140.0,47.295334,Blah
174.0,141.0,79.872284,Blah
