x,y,diameter,name
374.0,39.0,54.40734,Blah
374.0,38.0,77.338,Blah
374.0,38.0,78.19502,Blah
374.0,38.0,65.06912,Blah
374.0,38.0,57.933426,Blah
374.0,38.0,74.44956,Blah
374.0,38.0,58.998207,Blah
374.0,38.0,55.848198,Blah
374.0,38.0,55.50511,Blah
374.0,38.0,40.83185,Blah
